id;start_date;end_date;language
1;2024-08-15T23:25:46;2024-08-16T03:24:41;ENGLISH
2;2024-08-16T06:00:35;2024-08-16T09:18:03;SPANISH
3;2024-08-15T19:20:51;2024-08-16T05:06:08;ENGLISH
4;2024-08-15T20:16:08;2024-08-16T02:05:23;FRENCH
5;2024-08-16T04:50:07;2024-08-15T19:25:04;ENGLISH
6;2024-08-16T02:17:40;2024-08-15T09:42:47;FRENCH
7;2024-08-16T03:16:51;2024-08-15T18:30:30;FRENCH
8;2024-08-15T13:36:22;2024-08-16T01:46:27;SPANISH
9;2024-08-15T23:23:53;2024-08-16T05:42:17;FRENCH
10;2024-08-15T12:44:34;2024-08-16T08:52:04;FRENCH
